,objects
K24_jpg.rf.b23be99840a28a570096ec3c32ddaa8b.jpg,['K']
N6_jpg.rf.146cbf57f0920c853a709b8200b8342b.jpg,['N']
Z9_jpg.rf.cdcb3e971e7eff9eca1f69831f9cc007.jpg,['Z']
X20_jpg.rf.9543ed777d75027f0e3acec050c0a9a7.jpg,['X']
J27_jpg.rf.b78c3cf7363310155deaca32568fe789.jpg,['J']
U6_jpg.rf.b6c44d968a1040619f0fb07e79d0d732.jpg,['U']
M24_jpg.rf.6979fdba0c80cd7cd62877064675fd83.jpg,['M']
T17_jpg.rf.6e347003b7f2f590695a71a5ee7fa129.jpg,"['T', 'N']"
S0_jpg.rf.9cb94162cd892be616da1c6e052c11ca.jpg,['O']
C22_jpg.rf.e1923697a9ec8841eca8bb6fa3213e69.jpg,['C']
J6_jpg.rf.d5a92e742438616bc9592b1ddeb37a55.jpg,['J']
B15_jpg.rf.6fe73096064f5a6a149741a894c6a4a2.jpg,['B']
J28_jpg.rf.7695e55ab62959270a90d45f25e7a21c.jpg,['J']
K6_jpg.rf.23db96babd242c124ad698643e358fe6.jpg,['K']
V12_jpg.rf.c4ecffd29e53ac36ea3f49ff9468fb22.jpg,['V']
O20_jpg.rf.0d1489aa427c93a372992cb9d99dae45.jpg,['O']
X9_jpg.rf.ac175659e68bf69b3d645e5f66ef2451.jpg,['X']
G3_jpg.rf.76dc86cad6aebc73fc9e6ae9b4a2a976.jpg,['G']
G7_jpg.rf.f0b45ee5de7e037ca04a58993b0bb8bd.jpg,['G']
X24_jpg.rf.dae285778673239fd9e1d9591301f7a1.jpg,['X']
N9_jpg.rf.d42236aff899b78d7a4416a81cce02cc.jpg,['A']
F17_jpg.rf.b3ad96b08bf905796455b320a662a360.jpg,['F']
Y25_jpg.rf.cb5959b9505561a4ea636f5b35916b27.jpg,['Y']
S6_jpg.rf.31fd7c1969af3e8f8cff09d09436b5e7.jpg,['S']
Z27_jpg.rf.956c5ede911f763bd8bb1194a6029775.jpg,['Z']
Z18_jpg.rf.b541e5a411a7fefa5b74e668fa33a714.jpg,['Z']
C17_jpg.rf.ef1d1eba40c7fedec49bb61ec8515f3c.jpg,['C']
B14_jpg.rf.b224afc059db380d71077e7cc90883ba.jpg,['B']
W19_jpg.rf.a01f065f60ad8dd34df5652ffb777250.jpg,['W']
P24_jpg.rf.1f8b74c1279bb388c7f3250056d4cb9c.jpg,['P']
V10_jpg.rf.97e4e465c27bc51cd9ec89039411206d.jpg,['V']
Y5_jpg.rf.5aa85d73b09e11d0e823ad805b56e939.jpg,['Y']
G20_jpg.rf.334d8d95c06e5fa8d14e317321cab4f1.jpg,['G']
G11_jpg.rf.e00603a26cd537177bbeaf7a2b7f6c09.jpg,['G']
F3_jpg.rf.bcdcce2ca4e6c80fc27b2d6c0f9fcbf2.jpg,['F']
K13_jpg.rf.305546ce0b2a2e5d4f587205ac1c93f8.jpg,['V']
W16_jpg.rf.90b65d0fe9441eed7ea915b81b4b844f.jpg,['W']
V27_jpg.rf.8ad9e55e421839c98d2d45c9f230f206.jpg,['V']
C19_jpg.rf.bbd5e09aaf3345fcc2a18d329d01e4fc.jpg,['F']
D1_jpg.rf.7db0aca5741f694ce1404076ee880cf0.jpg,['D']
Z16_jpg.rf.ce0e03437c53cd109b45edc0201b2859.jpg,['Z']
R18_jpg.rf.04dc456a5cf42c48786353c585de0894.jpg,['R']
A22_jpg.rf.c8f3c81ea49db2c7846760dca1de6dba.jpg,['A']
H19_jpg.rf.31ba5f18a9ad38c0c69c801d2bff126b.jpg,['H']
W23_jpg.rf.b202083db38d1e70def6291c8f808472.jpg,['W']
T13_jpg.rf.0aa78a2e2d57740e0f26e98adacc1e68.jpg,"['T', 'N']"
W24_jpg.rf.df2e0b536634961052856f8ab1988f95.jpg,['W']
O4_jpg.rf.fa3e4584d61e5787b9048a730a3be1ec.jpg,['O']
J9_jpg.rf.5214dadb47f46eb9815bb8106cc5a069.jpg,['J']
T24_jpg.rf.4296062c071ab0681ec648c4bb175802.jpg,['N']
X14_jpg.rf.6d9394dca25946228577b2f291d4f92f.jpg,['X']
I17_jpg.rf.73f4840a656e62734a73486f9b888865.jpg,['I']
M20_jpg.rf.ae289d97a7a9e1a96aa5c478376b6750.jpg,['A']
G4_jpg.rf.43d0951c97fb90f8736a79fbaa33ec1e.jpg,['G']
M14_jpg.rf.4a9784c033737d3bfc37cfc6def81dac.jpg,['M']
H5_jpg.rf.ba9629491fbd8c6d76d1d85d971091b9.jpg,['H']
S16_jpg.rf.17da267cc475581355233e0bfd5ed700.jpg,['S']
V2_jpg.rf.12328e875ada560f102fec4f9b1e9991.jpg,['K']
W7_jpg.rf.25f3f4d2ea1e53b2627b1010f3b4ccc8.jpg,['W']
C23_jpg.rf.bf957dc96789b73ce6e4c1c905f83cb5.jpg,['C']
H25_jpg.rf.4ab83f9b8512e0b28fa303ad5d19b7cf.jpg,['H']
N22_jpg.rf.4482b0257fe0682e261006a2ddf0fb6b.jpg,"['T', 'N']"
Q10_jpg.rf.db1863d56cdbc75add596eba69c1f109.jpg,['Q']
T18_jpg.rf.704840e1054b9e5cb4b19f2c06d98909.jpg,['N']
O12_jpg.rf.5286fc64d3ca171277929214749d3a2d.jpg,['O']
B19_jpg.rf.dfc0120bf7a43e93355549dfd18eb8d6.jpg,['B']
I28_jpg.rf.6f2d9dfdef0c7ae5111df6f72b7c2f0e.jpg,['F']
