,label_old
0,[1]
1,[]
2,[1]
3,[]
4,[1]
5,[]
6,[]
7,[]
8,[]
9,[]
10,[]
11,[1]
12,[1]
13,[1]
14,[1]
15,[]
16,[1]
17,[1]
18,[]
19,[1]
20,[]
21,[]
22,[]
23,[1]
24,[1]
25,[1]
26,[]
27,[]
28,[]
29,[]
30,[]
31,[1]
32,[]
33,[]
34,[]
35,[]
36,[]
37,[]
38,[1]
39,[]
40,[]
41,[]
42,[]
43,[1]
44,[]
45,[]
46,[]
47,[]
48,[1]
49,[]
50,[]
51,[]
52,[]
53,[1]
54,[]
55,[]
56,[1]
57,[]
58,[]
59,[]
60,[]
61,[]
62,[]
63,[]
64,[1]
65,[]
66,[]
67,[]
68,[]
69,[]
70,[1]
71,[]
72,[]
73,[]
74,[]
75,[]
76,[]
77,[]
78,[]
79,[]
80,[]
81,[]
82,[]
83,[]
84,[1]
85,[]
86,[1]
87,[]
88,[]
89,[]
90,[]
91,[]
92,[]
93,[1]
94,[]
95,[]
96,[]
97,[]
98,[]
99,[]
100,[1]
101,[]
102,[]
103,[]
104,[]
105,[]
106,[]
107,[]
108,[]
109,[1]
110,[1]
111,[]
112,[]
113,[]
114,[1]
115,[]
116,[1]
117,[]
118,[]
119,[]
120,[1]
121,[]
122,[]
123,[]
124,[1]
125,[1]
126,[]
127,[]
128,[]
129,[1]
130,[]
131,[1]
132,[1]
133,[]
134,[]
135,[]
136,[]
137,[]
138,[]
139,[]
140,[]
141,[]
142,[]
143,[]
144,[]
145,[]
146,[]
147,[]
148,[]
149,[]
150,[]
151,[]
152,[]
153,[]
154,[1]
155,[1]
156,[]
157,[]
158,[]
159,[1]
160,[]
161,[]
162,[]
163,[]
164,[1]
165,[1]
166,[]
167,[]
168,[]
169,[]
170,[1]
171,[]
172,[]
173,[]
174,[]
175,[]
176,[]
177,[1]
178,[]
179,[1]
180,[]
181,[]
182,[]
183,[]
184,[]
185,[]
186,[1]
187,[]
188,[]
189,[1]
190,[]
191,[]
192,[1]
193,[1]
194,[]
195,[1]
196,[]
197,[]
198,[]
199,[]
200,[]
201,[]
202,[]
203,[]
204,[]
205,[]
206,[]
207,[1]
208,[]
209,[1]
210,[]
211,[]
212,[]
213,[1]
214,[]
215,[]
216,[1]
217,[1]
218,[]
219,[1]
220,[1]
221,[1]
222,[]
223,[1]
224,[]
225,[]
226,[]
227,[1]
228,[]
229,[]
230,[1]
231,[]
232,[]
233,[]
234,[]
235,[1]
236,[1]
237,[1]
238,[1]
239,[]
240,[]
241,[]
242,[]
243,[1]
244,[]
245,[1]
246,[]
247,[]
248,[1]
249,[]
250,[]
251,[]
252,[]
253,[]
254,[]
255,[1]
256,[]
257,[]
258,[]
259,[]
260,[]
261,[1]
262,[]
263,[]
264,[1]
265,[]
266,[]
267,[]
268,[]
269,[1]
270,[1]
271,[]
272,[]
273,[]
274,[]
275,[]
276,[1]
277,[]
278,[]
279,[]
280,[]
281,[]
282,[1]
283,[]
284,[1]
285,[]
286,[1]
287,[1]
288,[]
289,[]
290,[]
291,[1]
292,[1]
293,[1]
294,[]
295,[]
296,[]
297,[]
298,[1]
299,[]
300,[1]
301,[]
302,[]
303,[1]
304,[]
305,[]
306,[1]
307,[]
308,[]
309,[]
310,[]
311,[]
312,[]
313,[]
314,[1]
315,[]
316,[]
317,[1]
318,[]
319,[]
320,[]
321,[1]
322,[]
323,[]
324,[]
325,[]
326,[]
327,[1]
328,[1]
329,[]
330,[]
331,[]
332,[1]
333,[]
334,[]
335,[]
336,[]
337,[1]
338,[1]
339,[]
340,[]
341,[]
342,[]
343,[]
344,[]
345,[]
346,[]
347,[]
348,[]
349,[]
350,[]
351,[]
352,[]
353,[]
354,[]
355,[1]
356,[]
357,[1]
358,[]
359,[1]
360,[1]
361,[]
362,[]
363,[]
364,[]
365,[]
366,[1]
367,[]
368,[]
369,[1]
370,[1]
371,[]
372,[]
373,[]
374,[]
375,[1]
376,[]
377,[]
378,[1]
379,[]
380,[]
381,[]
382,[]
383,[]
384,[]
385,[]
386,[]
387,[1]
388,[1]
389,[]
390,[]
391,[1]
392,[]
393,[]
394,[]
395,[]
396,[]
397,[1]
398,[]
399,[1]
400,[1]
401,[]
402,[]
403,[]
404,[1]
405,[]
406,[1]
407,[]
408,[]
409,[1]
410,[]
411,[]
412,[]
413,[]
414,[1]
415,[]
416,[]
417,[1]
418,[]
419,[]
420,[]
421,[]
422,[]
423,[]
424,[1]
425,[1]
426,[]
427,[1]
428,[]
429,[1]
430,[]
431,[]
432,[]
433,[]
434,[]
435,[1]
436,[]
437,[]
438,[]
439,[]
440,[1]
441,[]
442,[]
443,[]
444,[1]
445,[1]
446,[]
447,[]
448,[]
449,[]
450,[]
451,[1]
452,[]
453,[]
454,[]
455,[1]
456,[]
457,[]
458,[]
459,[1]
460,[]
461,[]
462,[]
463,[]
464,[]
465,[]
466,[]
467,[]
468,[]
469,[]
470,[]
471,[]
472,[]
473,[1]
474,[]
475,[]
476,[]
477,[]
478,[1]
479,[]
480,[1]
481,[]
482,[]
483,[]
484,[1]
485,[1]
486,[]
487,[]
488,[]
489,[]
490,[]
491,[]
492,[]
493,[1]
494,[]
495,[]
496,[]
497,[]
498,[1]
499,[]
500,[]
501,[]
502,[1]
503,[]
504,[]
505,[]
506,[1]
507,[]
508,[]
509,[]
510,[]
511,[]
512,[]
513,[]
514,[]
515,[1]
516,[1]
517,[]
518,[]
519,[]
520,[]
521,[]
522,[]
523,[1]
524,[]
525,[]
526,[]
527,[]
528,[]
529,[]
530,[]
531,[]
532,[]
533,[]
534,[]
535,[1]
536,[]
537,[]
538,[]
539,[]
540,[1]
541,[]
542,[1]
543,[]
544,[]
545,[1]
546,[1]
547,[]
548,[]
549,[]
550,[]
551,[]
552,[]
553,[]
554,[]
555,[]
556,[]
557,[]
558,[1]
559,[]
560,[1]
561,[1]
562,[]
563,[]
564,[]
565,[]
566,[]
567,[]
568,[]
569,[]
570,[]
571,[]
572,[]
573,[]
574,[]
575,[]
576,[]
577,[1]
578,[]
579,[1]
580,[]
581,[1]
582,[]
583,[]
584,[1]
585,[]
586,[1]
587,[]
588,[]
589,[]
590,[]
591,[]
592,[]
593,[]
594,[]
595,[1]
596,[]
597,[]
598,[1]
599,[]
600,[]
601,[]
602,[]
603,[]
604,[]
605,[]
606,[1]
607,[]
608,[]
609,[]
610,[]
611,[1]
612,[1]
613,[1]
614,[]
615,[]
616,[]
617,[]
618,[1]
619,[1]
620,[]
621,[]
622,[]
623,[]
624,[]
625,[]
626,[]
627,[]
628,[1]
629,[]
630,[]
631,[]
632,[]
633,[]
634,[]
635,[]
636,[]
637,[]
638,[1]
639,[]
640,[]
641,[]
642,[1]
643,[]
644,[]
645,[]
646,[1]
647,[]
648,[1]
649,[]
650,[]
651,[]
652,[]
653,[]
654,[]
655,[1]
656,[]
657,[]
658,[]
659,[1]
660,[1]
661,[1]
662,[1]
663,[1]
664,[1]
665,[]
666,[1]
667,[]
668,[1]
669,[]
670,[1]
671,[]
672,[]
673,[]
674,[]
675,[]
676,[1]
677,[]
678,[1]
679,[]
680,[]
681,[1]
682,[]
683,[]
684,[]
685,[]
686,[]
687,[]
688,[]
689,[1]
690,[]
691,[1]
692,[]
693,[1]
694,[]
695,[]
696,[1]
697,[]
698,[]
699,[]
700,[]
701,[1]
702,[1]
703,[1]
704,[]
705,[]
706,[1]
707,[]
708,[1]
709,[1]
710,[1]
711,[1]
712,[1]
713,[]
714,[]
715,[1]
716,[1]
717,[]
718,[]
719,[1]
720,[]
721,[]
722,[]
723,[]
724,[]
725,[]
726,[]
727,[]
728,[]
729,[]
730,[1]
731,[1]
732,[1]
733,[]
734,[]
735,[]
736,[]
737,[]
738,[]
739,[]
740,[]
741,[]
742,[]
743,[1]
744,[]
745,[]
746,[]
747,[]
748,[1]
749,[1]
750,[1]
751,[]
752,[]
753,[]
754,[]
755,[]
756,[1]
757,[]
758,[]
759,[1]
760,[]
761,[1]
762,[]
763,[]
764,[]
765,[]
766,[]
767,[]
